Country;"Sub ID 2";"Sub ID 4";"Sub ID 5";#;Clicks;"UC (campaign)";Conv.;"ROI (confirmed)"
India;;;;0;3;3;0;0
India;120246208615180106;1641083631350576;"🇮🇳 IN_93 [FortuneGems]";0;2;1;0;0
India;120246208615200106;1641083631350576;"🇮🇳 IN_92 [FortuneGems]";0;1;1;0;0
India;120246208615230106;1641083631350576;"🇮🇳 IN_93 [FortuneGems]";0;3;3;0;0
India;120246208615240106;1641083631350576;"🇮🇳 IN_92 [FortuneGems]";0;6;6;0;0
India;120246208615380106;1641083631350576;"🇮🇳 IN_92 [FortuneGems]";0;3;3;0;0
India;120246208615390106;1641083631350576;"🇮🇳 IN_92 [FortuneGems]";0;21;20;0;0
India;120246208615390106;1641083631350576;"🇮🇳 IN_93 [FortuneGems]";0;1;1;0;0
India;120246208615410106;1641083631350576;"🇮🇳 IN_93 [FortuneGems]";0;1;1;0;0
India;120246208615460106;1641083631350576;"🇮🇳 IN_92 [FortuneGems]";0;2;2;0;0
India;120246232798060106;1641083631350576;"🇮🇳 IN_92 [FortuneGems]";0;1;1;0;0
India;120246232813090106;1641083631350576;"🇮🇳 IN_92 [FortuneGems]";0;4;4;0;0
India;120246232813300106;1641083631350576;"🇮🇳 IN_92 [FortuneGems]";0;6;5;0;0
India;120246232813310106;1641083631350576;"🇮🇳 IN_92 [FortuneGems]";0;5;5;0;0
India;120246232813320106;1641083631350576;"🇮🇳 IN_92 [FortuneGems]";0;15;6;0;0
India;120246232813330106;1641083631350576;"🇮🇳 IN_92 [FortuneGems]";0;1;1;0;0
India;120246232813340106;1641083631350576;"🇮🇳 IN_92 [FortuneGems]";0;7;7;0;0
India;120246232813350106;1641083631350576;"🇮🇳 IN_92 [FortuneGems]";0;6;5;0;0
India;120246232813360106;1641083631350576;"🇮🇳 IN_92 [FortuneGems]";0;8;8;0;0
India;120246232813370106;1641083631350576;"🇮🇳 IN_92 [FortuneGems]";0;7;7;0;0
India;120246232813400106;1641083631350576;"🇮🇳 IN_92 [FortuneGems]";0;40;37;0;0
India;120246232813420106;1641083631350576;"🇮🇳 IN_92 [FortuneGems]";0;7;7;0;0
India;120246240499830106;1641083631350576;"🇮🇳 IN_92 [FortuneGems]";0;2;2;0;0
India;120246244261040106;1641083631350576;"🇮🇳 IN_93 [FortuneGems]";0;1;1;0;0
India;120246244620160106;1641083631350576;"🇮🇳 IN_92 [FortuneGems]";0;7;6;0;0
India;120246244620410106;1641083631350576;"🇮🇳 IN_92 [FortuneGems]";0;5;5;0;0
India;120246244620670106;1641083631350576;"🇮🇳 IN_92 [FortuneGems]";0;3;3;0;0
India;120246244620680106;1641083631350576;"🇮🇳 IN_92 [FortuneGems]";0;7;7;0;0
India;120246244620690106;1641083631350576;"🇮🇳 IN_92 [FortuneGems]";0;2;2;0;0
India;120246244620700106;1641083631350576;"🇮🇳 IN_92 [FortuneGems]";0;1;1;0;0
India;120246244620710106;1641083631350576;"🇮🇳 IN_92 [FortuneGems]";0;3;3;0;0
India;120246244620720106;1641083631350576;"🇮🇳 IN_92 [FortuneGems]";0;2;1;0;0
India;120246244620730106;1641083631350576;"🇮🇳 IN_92 [FortuneGems]";0;2;1;0;0
India;120246244620740106;1641083631350576;"🇮🇳 IN_92 [FortuneGems]";0;4;4;0;0
India;120246244620750106;1641083631350576;"🇮🇳 IN_92 [FortuneGems]";0;1;1;0;0
India;120246244620760106;1641083631350576;"🇮🇳 IN_92 [FortuneGems]";0;1;1;0;0
India;120246244620770106;1641083631350576;"🇮🇳 IN_92 [FortuneGems]";0;2;2;0;0
India;120246244620780106;1641083631350576;"🇮🇳 IN_92 [FortuneGems]";0;5;5;0;0
India;120246244620790106;1641083631350576;"🇮🇳 IN_92 [FortuneGems]";0;3;3;0;0
India;120246244620800106;1641083631350576;"🇮🇳 IN_92 [FortuneGems]";0;2;2;0;0
India;120246244620810106;1641083631350576;"🇮🇳 IN_92 [FortuneGems]";0;5;5;0;0
India;120246244620820106;1641083631350576;"🇮🇳 IN_92 [FortuneGems]";0;8;7;0;0
India;120246244620830106;1641083631350576;"🇮🇳 IN_92 [FortuneGems]";0;2;2;0;0
India;120246244620850106;1641083631350576;"🇮🇳 IN_92 [FortuneGems]";0;3;3;0;0
India;120246244620860106;1641083631350576;"🇮🇳 IN_92 [FortuneGems]";0;3;3;0;0
India;120246244620880106;1641083631350576;"🇮🇳 IN_92 [FortuneGems]";0;2;2;0;0
India;120246244620900106;1641083631350576;"🇮🇳 IN_92 [FortuneGems]";0;3;3;0;0
India;120246244620910106;1641083631350576;"🇮🇳 IN_92 [FortuneGems]";0;2;2;0;0
India;120246244620930106;1641083631350576;"🇮🇳 IN_92 [FortuneGems]";0;2;2;0;0
India;120246244620940106;1641083631350576;"🇮🇳 IN_92 [FortuneGems]";0;2;2;0;0
India;120246244620960106;1641083631350576;"🇮🇳 IN_92 [FortuneGems]";0;7;6;0;0
India;120246244620970106;1641083631350576;"🇮🇳 IN_92 [FortuneGems]";0;1;1;0;0
India;120246244621050106;1641083631350576;"🇮🇳 IN_92 [FortuneGems]";0;2;2;0;0
India;120246244621100106;1641083631350576;"🇮🇳 IN_92 [FortuneGems]";0;5;5;0;0
India;120246244621110106;1641083631350576;"🇮🇳 IN_92 [FortuneGems]";0;3;3;0;0
India;120246244621120106;1641083631350576;"🇮🇳 IN_92 [FortuneGems]";0;8;7;0;0
India;120246244621130106;1641083631350576;"🇮🇳 IN_92 [FortuneGems]";0;2;2;0;0
India;120246244621140106;1641083631350576;"🇮🇳 IN_92 [FortuneGems]";0;6;5;0;0
India;120246244621150106;1641083631350576;"🇮🇳 IN_92 [FortuneGems]";0;9;9;0;0
India;120246244621160106;1641083631350576;"🇮🇳 IN_92 [FortuneGems]";0;2;2;0;0
India;120246244670230106;1641083631350576;"🇮🇳 IN_93 [FortuneGems]";0;1;1;0;0
India;120246244675630106;1641083631350576;"🇮🇳 IN_93 [FortuneGems]";0;3;3;0;0
India;120246244675730106;1641083631350576;"🇮🇳 IN_93 [FortuneGems]";0;3;3;0;0
India;120246244675800106;1641083631350576;"🇮🇳 IN_93 [FortuneGems]";0;1;1;0;0
India;120246244675810106;1641083631350576;"🇮🇳 IN_93 [FortuneGems]";0;2;2;0;0
India;120246244675820106;1641083631350576;"🇮🇳 IN_93 [FortuneGems]";0;1;1;0;0
India;120246244675830106;1641083631350576;"🇮🇳 IN_93 [FortuneGems]";0;4;4;0;0
India;120246260465330106;1641083631350576;"🇮🇳 IN_92 [FortuneGems]";0;2;2;0;0
India;120246260465340106;1641083631350576;"🇮🇳 IN_92 [FortuneGems]";0;5;5;0;0
India;120246260465350106;1641083631350576;"🇮🇳 IN_92 [FortuneGems]";0;2;2;0;0
India;120246260465720106;1641083631350576;"🇮🇳 IN_92 [FortuneGems]";0;4;4;0;0
India;120246260465740106;1641083631350576;"🇮🇳 IN_92 [FortuneGems]";0;2;2;0;0
India;120246260465750106;1641083631350576;"🇮🇳 IN_92 [FortuneGems]";0;5;5;0;0
India;120246260465760106;1641083631350576;"🇮🇳 IN_92 [FortuneGems]";0;2;2;0;0
India;120246260465790106;1641083631350576;"🇮🇳 IN_92 [FortuneGems]";0;2;2;0;0
India;120246260465810106;1641083631350576;"🇮🇳 IN_92 [FortuneGems]";0;2;2;0;0
India;120246260465820106;1641083631350576;"🇮🇳 IN_92 [FortuneGems]";0;2;2;0;0
India;120246260465870106;1641083631350576;"🇮🇳 IN_92 [FortuneGems]";0;1;1;0;0
India;120246260465890106;1641083631350576;"🇮🇳 IN_92 [FortuneGems]";0;2;1;0;0
India;120246260465990106;1641083631350576;"🇮🇳 IN_92 [FortuneGems]";0;5;5;0;0
India;120246260466060106;1641083631350576;"🇮🇳 IN_92 [FortuneGems]";0;5;5;0;0
India;120246260466070106;1641083631350576;"🇮🇳 IN_92 [FortuneGems]";0;2;2;0;0
India;120246276712280106;1641083631350576;"🇮🇳 IN_92 [FortuneGems]";0;6;6;0;0
India;120246276847160106;1641083631350576;"🇮🇳 IN_94 [FortuneGems]";0;3;3;0;0
India;120246276847170106;1641083631350576;"🇮🇳 IN_94 [FortuneGems]";0;5;5;0;0
India;120246276847220106;1641083631350576;"🇮🇳 IN_94 [FortuneGems]";0;2;2;0;0
India;120246276847310106;1641083631350576;"🇮🇳 IN_94 [FortuneGems]";0;3;3;0;0
India;120246276847390106;1641083631350576;"🇮🇳 IN_94 [FortuneGems]";0;3;3;0;0
India;120246276847410106;1641083631350576;"🇮🇳 IN_94 [FortuneGems]";0;3;3;0;0
India;120246276847420106;1641083631350576;"🇮🇳 IN_94 [FortuneGems]";0;3;3;0;0
India;120246277024990106;1641083631350576;"🇮🇳 IN_92 [FortuneGems]";0;12;11;0;0
India;120246277035760106;1641083631350576;"🇮🇳 IN_92 [FortuneGems]";0;10;9;0;0
India;120246277035770106;1641083631350576;"🇮🇳 IN_92 [FortuneGems]";0;6;6;0;0
India;120246277035780106;1641083631350576;"🇮🇳 IN_92 [FortuneGems]";0;3;3;0;0
India;120246277036060106;1641083631350576;"🇮🇳 IN_92 [FortuneGems]";0;3;3;0;0
India;120246277036070106;1641083631350576;"🇮🇳 IN_92 [FortuneGems]";0;6;5;0;0
India;120246277036100106;1641083631350576;"🇮🇳 IN_92 [FortuneGems]";0;8;8;0;0
India;120246277036140106;1641083631350576;"🇮🇳 IN_92 [FortuneGems]";0;5;5;0;0
India;120246277036150106;1641083631350576;"🇮🇳 IN_92 [FortuneGems]";0;2;2;0;0
India;120246277036160106;1641083631350576;"🇮🇳 IN_92 [FortuneGems]";0;4;4;0;0
India;120246277036170106;1641083631350576;"🇮🇳 IN_92 [FortuneGems]";0;5;4;0;0
India;120246277036180106;1641083631350576;"🇮🇳 IN_92 [FortuneGems]";0;2;2;0;0
India;120246277036190106;1641083631350576;"🇮🇳 IN_92 [FortuneGems]";0;4;4;0;0
India;120246277036200106;1641083631350576;"🇮🇳 IN_92 [FortuneGems]";0;5;5;0;0
India;120246277036210106;1641083631350576;"🇮🇳 IN_92 [FortuneGems]";0;2;2;0;0
India;120246277036220106;1641083631350576;"🇮🇳 IN_92 [FortuneGems]";0;4;4;0;0
India;120246277036230106;1641083631350576;"🇮🇳 IN_92 [FortuneGems]";0;5;5;0;0
India;120246277036240106;1641083631350576;"🇮🇳 IN_92 [FortuneGems]";0;10;8;0;0
India;120246277036250106;1641083631350576;"🇮🇳 IN_92 [FortuneGems]";0;8;7;0;0
India;120246277036260106;1641083631350576;"🇮🇳 IN_92 [FortuneGems]";0;4;4;0;0
India;120246277036270106;1641083631350576;"🇮🇳 IN_92 [FortuneGems]";0;5;5;0;0
India;120246277036280106;1641083631350576;"🇮🇳 IN_92 [FortuneGems]";0;3;3;0;0
India;120246277036290106;1641083631350576;"🇮🇳 IN_92 [FortuneGems]";0;4;4;0;0
India;120246277036300106;1641083631350576;"🇮🇳 IN_92 [FortuneGems]";0;12;12;0;0
India;120246277036310106;1641083631350576;"🇮🇳 IN_92 [FortuneGems]";0;2;2;0;0
India;120246277036320106;1641083631350576;"🇮🇳 IN_92 [FortuneGems]";0;2;2;0;0
India;120246277036330106;1641083631350576;"🇮🇳 IN_92 [FortuneGems]";0;4;4;0;0
India;120246277036340106;1641083631350576;"🇮🇳 IN_92 [FortuneGems]";0;6;6;0;0
India;120246277036350106;1641083631350576;"🇮🇳 IN_92 [FortuneGems]";0;7;6;0;0
India;120246277036360106;1641083631350576;"🇮🇳 IN_92 [FortuneGems]";0;2;2;0;0
India;120246277036370106;1641083631350576;"🇮🇳 IN_92 [FortuneGems]";0;5;4;0;0
India;120246277036380106;1641083631350576;"🇮🇳 IN_92 [FortuneGems]";0;8;7;0;0
India;120246277036420106;1641083631350576;"🇮🇳 IN_92 [FortuneGems]";0;5;5;0;0
India;120246277036430106;1641083631350576;"🇮🇳 IN_92 [FortuneGems]";0;8;8;0;0
India;120246277036440106;1641083631350576;"🇮🇳 IN_92 [FortuneGems]";0;6;6;0;0
India;120246277036450106;1641083631350576;"🇮🇳 IN_92 [FortuneGems]";0;3;3;0;0
India;120246277036520106;1641083631350576;"🇮🇳 IN_92 [FortuneGems]";0;2;2;0;0
India;120246277036630106;1641083631350576;"🇮🇳 IN_92 [FortuneGems]";0;4;3;0;0
India;120246277036680106;1641083631350576;"🇮🇳 IN_92 [FortuneGems]";0;6;6;0;0
India;120246292291890106;1641083631350576;"🇮🇳 IN_94 [FortuneGems]";0;8;8;0;0
India;120246292361440106;1641083631350576;"🇮🇳 IN_94 [FortuneGems]";0;6;6;0;0
India;120246292361450106;1641083631350576;"🇮🇳 IN_94 [FortuneGems]";0;6;5;0;0
India;120246292361740106;1641083631350576;"🇮🇳 IN_94 [FortuneGems]";0;1;1;0;0
India;120246292361750106;1641083631350576;"🇮🇳 IN_94 [FortuneGems]";0;7;7;0;0
India;120246292361760106;1641083631350576;"🇮🇳 IN_94 [FortuneGems]";0;8;8;0;0
India;120246292361770106;1641083631350576;"🇮🇳 IN_94 [FortuneGems]";0;18;16;0;0
India;120246292361780106;1641083631350576;"🇮🇳 IN_94 [FortuneGems]";0;2;2;0;0
India;120246292361790106;1641083631350576;"🇮🇳 IN_94 [FortuneGems]";0;2;1;0;0
India;120246292361800106;1641083631350576;"🇮🇳 IN_94 [FortuneGems]";0;3;2;0;0
India;120246292361810106;1641083631350576;"🇮🇳 IN_94 [FortuneGems]";0;4;4;0;0
India;120246292361820106;1641083631350576;"🇮🇳 IN_94 [FortuneGems]";0;12;11;0;0
India;120246292361830106;1641083631350576;"🇮🇳 IN_94 [FortuneGems]";0;1;1;0;0
India;120246292361840106;1641083631350576;"🇮🇳 IN_94 [FortuneGems]";0;7;7;0;0
India;120246292361860106;1641083631350576;"🇮🇳 IN_94 [FortuneGems]";0;9;7;0;0
India;120246292361870106;1641083631350576;"🇮🇳 IN_94 [FortuneGems]";0;3;3;0;0
India;120246292361880106;1641083631350576;"🇮🇳 IN_94 [FortuneGems]";0;9;9;0;0
India;120246292361900106;1641083631350576;"🇮🇳 IN_94 [FortuneGems]";0;16;16;0;0
India;120246292361930106;1641083631350576;"🇮🇳 IN_94 [FortuneGems]";0;5;5;0;0
India;120246293063550106;1641083631350576;"🇮🇳 IN_92 [FortuneGems]";0;3;3;0;0
India;120246293082230106;1641083631350576;"🇮🇳 IN_92 [FortuneGems]";0;1;1;0;0
India;120246293082250106;1641083631350576;"🇮🇳 IN_92 [FortuneGems]";0;6;6;0;0
India;120246293082530106;1641083631350576;"🇮🇳 IN_92 [FortuneGems]";0;1;1;0;0
India;120246293082540106;1641083631350576;"🇮🇳 IN_92 [FortuneGems]";0;23;23;0;0
India;120246293082550106;1641083631350576;"🇮🇳 IN_92 [FortuneGems]";0;12;12;0;0
India;120246293082560106;1641083631350576;"🇮🇳 IN_92 [FortuneGems]";0;10;10;0;0
India;120246293082570106;1641083631350576;"🇮🇳 IN_92 [FortuneGems]";0;9;9;0;0
India;120246293082580106;1641083631350576;"🇮🇳 IN_92 [FortuneGems]";0;14;14;0;0
India;120246293082590106;1641083631350576;"🇮🇳 IN_92 [FortuneGems]";0;18;17;0;0
India;120246293082600106;1641083631350576;"🇮🇳 IN_92 [FortuneGems]";0;16;16;0;0
India;120246293082610106;1641083631350576;"🇮🇳 IN_92 [FortuneGems]";0;17;17;0;0
India;120246293082620106;1641083631350576;"🇮🇳 IN_92 [FortuneGems]";0;10;10;0;0
India;120246293082630106;1641083631350576;"🇮🇳 IN_92 [FortuneGems]";0;3;3;0;0
India;120246293082640106;1641083631350576;"🇮🇳 IN_92 [FortuneGems]";0;7;7;0;0
India;120246293082650106;1641083631350576;"🇮🇳 IN_92 [FortuneGems]";0;10;10;0;0
India;120246293082660106;1641083631350576;"🇮🇳 IN_92 [FortuneGems]";0;14;14;0;0
India;120246293082670106;1641083631350576;"🇮🇳 IN_92 [FortuneGems]";0;12;11;0;0
India;120246293082680106;1641083631350576;"🇮🇳 IN_92 [FortuneGems]";0;11;11;0;0
India;120246310593000106;1641083631350576;"🇮🇳 IN_92 [FortuneGems]";0;3;3;0;0
India;120246310625370106;1641083631350576;"🇮🇳 IN_94 [FortuneGems]";0;7;7;0;0
India;120246310625430106;1641083631350576;"🇮🇳 IN_92 [FortuneGems]";0;7;7;0;0
India;120246310625430106;1641083631350576;"🇮🇳 IN_94 [FortuneGems]";0;4;4;0;0
India;120246310625440106;1641083631350576;"🇮🇳 IN_95 [FortuneGems]";0;1;1;0;0
India;120246310625450106;1641083631350576;"🇮🇳 IN_94 [FortuneGems]";0;8;7;0;0
India;120246310625460106;1641083631350576;"🇮🇳 IN_92 [FortuneGems]";0;33;30;0;0
India;120246310625470106;1641083631350576;"🇮🇳 IN_92 [FortuneGems]";0;7;7;0;0
India;120246310625470106;1641083631350576;"🇮🇳 IN_95 [FortuneGems]";0;2;2;0;0
India;120246310625480106;1641083631350576;"🇮🇳 IN_92 [FortuneGems]";0;16;16;0;0
India;120246310625480106;1641083631350576;"🇮🇳 IN_94 [FortuneGems]";0;3;3;0;0
India;120246310625500106;1641083631350576;"🇮🇳 IN_95 [FortuneGems]";0;3;3;0;0
India;120246310625510106;1641083631350576;"🇮🇳 IN_92 [FortuneGems]";0;33;32;0;0
India;120246310625510106;1641083631350576;"🇮🇳 IN_94 [FortuneGems]";0;2;2;0;0
India;120246310625520106;1641083631350576;"🇮🇳 IN_92 [FortuneGems]";0;7;7;0;0
India;120246310625520106;1641083631350576;"🇮🇳 IN_94 [FortuneGems]";0;2;2;0;0
India;120246310625530106;1641083631350576;"🇮🇳 IN_92 [FortuneGems]";0;33;31;0;0
India;120246310625540106;1641083631350576;"🇮🇳 IN_92 [FortuneGems]";0;9;9;0;0
India;120246310625540106;1641083631350576;"🇮🇳 IN_95 [FortuneGems]";0;1;1;0;0
India;120246310625550106;1641083631350576;"🇮🇳 IN_94 [FortuneGems]";0;10;10;0;0
India;120246310625560106;1641083631350576;"🇮🇳 IN_92 [FortuneGems]";0;27;25;0;0
India;120246310625560106;1641083631350576;"🇮🇳 IN_94 [FortuneGems]";0;1;1;0;0
India;120246310625570106;1641083631350576;"🇮🇳 IN_92 [FortuneGems]";0;2;2;0;0
India;120246310625570106;1641083631350576;"🇮🇳 IN_94 [FortuneGems]";0;9;8;0;0
India;120246310625580106;1641083631350576;"🇮🇳 IN_94 [FortuneGems]";0;6;5;0;0
India;120246310625590106;1641083631350576;"🇮🇳 IN_92 [FortuneGems]";0;12;12;0;0
India;120246310625590106;1641083631350576;"🇮🇳 IN_94 [FortuneGems]";0;5;5;0;0
India;120246310625600106;1641083631350576;"🇮🇳 IN_95 [FortuneGems]";0;2;2;0;0
India;120246310625730106;1641083631350576;"🇮🇳 IN_92 [FortuneGems]";0;15;15;0;0
India;120246311284060106;1641083631350576;"🇮🇳 IN_94 [FortuneGems]";0;4;4;0;0
India;120246311284070106;1641083631350576;"🇮🇳 IN_94 [FortuneGems]";0;3;3;0;0
India;120246311284590106;1641083631350576;"🇮🇳 IN_94 [FortuneGems]";0;1;1;0;0
India;120246311284630106;1641083631350576;"🇮🇳 IN_94 [FortuneGems]";0;4;4;0;0
India;120246311284650106;1641083631350576;"🇮🇳 IN_94 [FortuneGems]";0;6;6;0;0
India;120246311284650106;1641083631350576;"🇮🇳 IN_95 [FortuneGems]";0;1;1;0;0
India;120246311284740106;1641083631350576;"🇮🇳 IN_92 [FortuneGems]";0;4;4;0;0
India;120246311284740106;1641083631350576;"🇮🇳 IN_95 [FortuneGems]";0;3;3;0;0
India;120246311284750106;1641083631350576;"🇮🇳 IN_94 [FortuneGems]";0;5;5;0;0
India;120246311284760106;1641083631350576;"🇮🇳 IN_94 [FortuneGems]";0;1;1;0;0
India;120246311284760106;1641083631350576;"🇮🇳 IN_95 [FortuneGems]";0;3;3;0;0
India;120246311284770106;1641083631350576;"🇮🇳 IN_92 [FortuneGems]";0;7;7;0;0
India;120246311284770106;1641083631350576;"🇮🇳 IN_94 [FortuneGems]";0;1;1;0;0
India;120246311284770106;1641083631350576;"🇮🇳 IN_95 [FortuneGems]";0;13;13;0;0
India;120246311284780106;1641083631350576;"🇮🇳 IN_94 [FortuneGems]";0;1;1;0;0
India;120246311284790106;1641083631350576;"🇮🇳 IN_95 [FortuneGems]";0;4;4;0;0
India;120246311284800106;1641083631350576;"🇮🇳 IN_92 [FortuneGems]";0;2;2;0;0
India;120246311284810106;1641083631350576;"🇮🇳 IN_94 [FortuneGems]";0;1;1;0;0
India;120246311284820106;1641083631350576;"🇮🇳 IN_94 [FortuneGems]";0;1;1;0;0
India;120246311284830106;1641083631350576;"🇮🇳 IN_92 [FortuneGems]";0;1;1;0;0
India;120246311284830106;1641083631350576;"🇮🇳 IN_94 [FortuneGems]";0;2;2;0;0
India;120246311284910106;1641083631350576;"🇮🇳 IN_95 [FortuneGems]";0;8;8;0;0
India;120246311284960106;1641083631350576;"🇮🇳 IN_94 [FortuneGems]";0;3;3;0;0
India;120246311284970106;1641083631350576;"🇮🇳 IN_94 [FortuneGems]";0;3;2;0;0
India;120246311284990106;1641083631350576;"🇮🇳 IN_92 [FortuneGems]";0;3;3;0;0
India;120246311284990106;1641083631350576;"🇮🇳 IN_95 [FortuneGems]";0;1;1;0;0
India;120246311285010106;1641083631350576;"🇮🇳 IN_92 [FortuneGems]";0;5;5;0;0
India;120246311285010106;1641083631350576;"🇮🇳 IN_94 [FortuneGems]";0;1;1;0;0
India;120246311285020106;1641083631350576;"🇮🇳 IN_94 [FortuneGems]";0;5;5;0;0
India;120246311285040106;1641083631350576;"🇮🇳 IN_94 [FortuneGems]";0;3;3;0;0
India;120246311285050106;1641083631350576;"🇮🇳 IN_92 [FortuneGems]";0;7;7;0;0
India;120246311285050106;1641083631350576;"🇮🇳 IN_94 [FortuneGems]";0;8;8;0;0
India;120246311285050106;1641083631350576;"🇮🇳 IN_95 [FortuneGems]";0;25;24;0;0
India;120246363324460106;1641083631350576;"🇮🇳 IN_94 [FortuneGems]";0;1;1;0;0
India;120246363369440106;1641083631350576;"🇮🇳 IN_92 [FortuneGems]";0;1;1;0;0
India;120246363398090106;1641083631350576;"🇮🇳 IN_92 [FortuneGems]";0;2;2;0;0
India;120246363398090106;1641083631350576;"🇮🇳 IN_94 [FortuneGems]";0;4;4;0;0
India;120246363398100106;1641083631350576;"🇮🇳 IN_94 [FortuneGems]";0;1;1;0;0
India;120246363398610106;1641083631350576;"🇮🇳 IN_92 [FortuneGems]";0;4;3;0;0
India;120246363398610106;1641083631350576;"🇮🇳 IN_94 [FortuneGems]";0;5;5;0;0
India;120246363398620106;1641083631350576;"🇮🇳 IN_92 [FortuneGems]";0;4;3;0;0
India;120246363398620106;1641083631350576;"🇮🇳 IN_94 [FortuneGems]";0;3;3;0;0
India;120246363398630106;1641083631350576;"🇮🇳 IN_92 [FortuneGems]";0;2;2;0;0
India;120246363398630106;1641083631350576;"🇮🇳 IN_94 [FortuneGems]";0;3;3;0;0
India;120246363398640106;1641083631350576;"🇮🇳 IN_94 [FortuneGems]";0;3;2;0;0
India;120246363398650106;1641083631350576;"🇮🇳 IN_94 [FortuneGems]";0;6;6;0;0
India;120246363398660106;1641083631350576;"🇮🇳 IN_92 [FortuneGems]";0;9;9;0;0
India;120246363398670106;1641083631350576;"🇮🇳 IN_94 [FortuneGems]";0;2;2;0;0
India;120246363398680106;1641083631350576;"🇮🇳 IN_94 [FortuneGems]";0;1;1;0;0
India;120246363398690106;1641083631350576;"🇮🇳 IN_94 [FortuneGems]";0;1;1;0;0
India;120246363398700106;1641083631350576;"🇮🇳 IN_94 [FortuneGems]";0;3;3;0;0
India;120246363398710106;1641083631350576;"🇮🇳 IN_94 [FortuneGems]";0;4;3;0;0
India;120246363398720106;1641083631350576;"🇮🇳 IN_94 [FortuneGems]";0;3;3;0;0
India;120246363398730106;1641083631350576;"🇮🇳 IN_94 [FortuneGems]";0;3;2;0;0
India;120246363398740106;1641083631350576;"🇮🇳 IN_92 [FortuneGems]";0;2;2;0;0
India;120246363398750106;1641083631350576;"🇮🇳 IN_94 [FortuneGems]";0;2;2;0;0
India;120246363398760106;1641083631350576;"🇮🇳 IN_94 [FortuneGems]";0;2;2;0;0
India;120246363398770106;1641083631350576;"🇮🇳 IN_92 [FortuneGems]";0;6;6;0;0
India;120246363398780106;1641083631350576;"🇮🇳 IN_92 [FortuneGems]";0;3;3;0;0
India;120246363398790106;1641083631350576;"🇮🇳 IN_92 [FortuneGems]";0;7;7;0;0
India;120246363398790106;1641083631350576;"🇮🇳 IN_94 [FortuneGems]";0;5;5;0;0
India;120246363398800106;1641083631350576;"🇮🇳 IN_94 [FortuneGems]";0;2;2;0;0
India;120246363398810106;1641083631350576;"🇮🇳 IN_92 [FortuneGems]";0;3;2;0;0
India;120246363398810106;1641083631350576;"🇮🇳 IN_94 [FortuneGems]";0;2;2;0;0
India;120246363398820106;1641083631350576;"🇮🇳 IN_92 [FortuneGems]";0;3;3;0;0
India;120246363398820106;1641083631350576;"🇮🇳 IN_94 [FortuneGems]";0;5;5;0;0
India;120246363398830106;1641083631350576;"🇮🇳 IN_92 [FortuneGems]";0;6;6;0;0
India;120246363398830106;1641083631350576;"🇮🇳 IN_94 [FortuneGems]";0;5;4;0;0
India;120246363398840106;1641083631350576;"🇮🇳 IN_94 [FortuneGems]";0;6;6;0;0
India;120246363398850106;1641083631350576;"🇮🇳 IN_94 [FortuneGems]";0;2;2;0;0
India;120246363398990106;1641083631350576;"🇮🇳 IN_94 [FortuneGems]";0;4;4;0;0
India;120246365946530106;1641083631350576;"🇮🇳 IN_92 [FortuneGems]";0;8;8;0;0
India;120246365993490106;1641083631350576;"🇮🇳 IN_92 [FortuneGems]";0;4;2;0;0
India;120246365993780106;1641083631350576;"🇮🇳 IN_92 [FortuneGems]";0;7;6;0;0
India;120246365993790106;1641083631350576;"🇮🇳 IN_92 [FortuneGems]";0;1;1;0;0
India;120246365993800106;1641083631350576;"🇮🇳 IN_92 [FortuneGems]";0;4;4;0;0
India;120246365993810106;1641083631350576;"🇮🇳 IN_92 [FortuneGems]";0;3;3;0;0
India;120246365993820106;1641083631350576;"🇮🇳 IN_92 [FortuneGems]";0;2;2;0;0
India;120246365993830106;1641083631350576;"🇮🇳 IN_92 [FortuneGems]";0;3;3;0;0
India;120246365993840106;1641083631350576;"🇮🇳 IN_92 [FortuneGems]";0;4;4;0;0
India;120246365993850106;1641083631350576;"🇮🇳 IN_92 [FortuneGems]";0;3;3;0;0
India;120246365993860106;1641083631350576;"🇮🇳 IN_92 [FortuneGems]";0;5;5;0;0
India;120246365993870106;1641083631350576;"🇮🇳 IN_92 [FortuneGems]";0;1;1;0;0
India;120246365993890106;1641083631350576;"🇮🇳 IN_92 [FortuneGems]";0;5;5;0;0
India;120246365993900106;1641083631350576;"🇮🇳 IN_92 [FortuneGems]";0;5;5;0;0
India;120246365993910106;1641083631350576;"🇮🇳 IN_92 [FortuneGems]";0;2;2;0;0
India;120246365993920106;1641083631350576;"🇮🇳 IN_92 [FortuneGems]";0;1;1;0;0
India;120246365993930106;1641083631350576;"🇮🇳 IN_92 [FortuneGems]";0;6;6;0;0
India;120246365994010106;1641083631350576;"🇮🇳 IN_92 [FortuneGems]";0;5;4;0;0
India;120246365994020106;1641083631350576;"🇮🇳 IN_92 [FortuneGems]";0;2;1;0;0
India;120246377795500106;1641083631350576;"🇮🇳 IN_92 [FortuneGems]";0;10;7;0;0
India;120246377916910106;1641083631350576;"🇮🇳 IN_97 [FortuneGems]";0;5;5;0;0
India;120246377916910106;1641083631350576;"🇮🇳 IN_98 [FortuneGems]";0;6;5;0;0
India;120246378361580106;1641083631350576;"🇮🇳 IN_92 [FortuneGems]";0;4;4;0;0
India;120246378363700106;1641083631350576;"🇮🇳 IN_92 [FortuneGems]";0;7;7;0;0
India;120246378363710106;1641083631350576;"🇮🇳 IN_92 [FortuneGems]";0;6;6;0;0
India;120246378363720106;1641083631350576;"🇮🇳 IN_92 [FortuneGems]";0;3;3;0;0
India;120246378363810106;1641083631350576;"🇮🇳 IN_92 [FortuneGems]";0;2;2;0;0
India;120246378363840106;1641083631350576;"🇮🇳 IN_92 [FortuneGems]";0;5;5;0;0
India;120246378363850106;1641083631350576;"🇮🇳 IN_92 [FortuneGems]";0;1;1;0;0
India;120246378363860106;1641083631350576;"🇮🇳 IN_92 [FortuneGems]";0;7;7;0;0
India;120246378364130106;1641083631350576;"🇮🇳 IN_92 [FortuneGems]";0;3;3;0;0
India;120246378364170106;1641083631350576;"🇮🇳 IN_92 [FortuneGems]";0;5;5;0;0
India;120246378364180106;1641083631350576;"🇮🇳 IN_92 [FortuneGems]";0;7;7;0;0
India;120246378364200106;1641083631350576;"🇮🇳 IN_92 [FortuneGems]";0;4;4;0;0
India;120246378364250106;1641083631350576;"🇮🇳 IN_92 [FortuneGems]";0;1;1;0;0
India;120246378364280106;1641083631350576;"🇮🇳 IN_92 [FortuneGems]";0;6;6;0;0
India;120246378364290106;1641083631350576;"🇮🇳 IN_92 [FortuneGems]";0;3;3;0;0
India;120246378364300106;1641083631350576;"🇮🇳 IN_92 [FortuneGems]";0;2;2;0;0
India;120246378364320106;1641083631350576;"🇮🇳 IN_92 [FortuneGems]";0;1;1;0;0
India;120246378364330106;1641083631350576;"🇮🇳 IN_92 [FortuneGems]";0;7;7;0;0
India;120246378364440106;1641083631350576;"🇮🇳 IN_92 [FortuneGems]";0;6;6;0;0
India;120246378364450106;1641083631350576;"🇮🇳 IN_92 [FortuneGems]";0;2;2;0;0
India;120246378364480106;1641083631350576;"🇮🇳 IN_92 [FortuneGems]";0;8;8;0;0
India;120246378364490106;1641083631350576;"🇮🇳 IN_92 [FortuneGems]";0;1;1;0;0
India;120246378845310106;1641083631350576;"🇮🇳 IN_92 [FortuneGems]";0;9;9;0;0
India;120246379235150106;1641083631350576;"🇮🇳 IN_96 [FortuneGems]";0;7;7;0;0
India;120246379235150106;1641083631350576;"🇮🇳 IN_98 [FortuneGems]";0;2;2;0;0
India;120246379238440106;1641083631350576;"🇮🇳 IN_97 [FortuneGems]";0;6;6;0;0
India;120246379238450106;1641083631350576;"🇮🇳 IN_97 [FortuneGems]";0;1;1;0;0
India;120246379238470106;1641083631350576;"🇮🇳 IN_98 [FortuneGems]";0;5;4;0;0
India;120246379238530106;1641083631350576;"🇮🇳 IN_97 [FortuneGems]";0;2;2;0;0
India;120246379238610106;1641083631350576;"🇮🇳 IN_97 [FortuneGems]";0;2;2;0;0
India;120246379238800106;1641083631350576;"🇮🇳 IN_98 [FortuneGems]";0;1;1;0;0
India;120246379238820106;1641083631350576;"🇮🇳 IN_96 [FortuneGems]";0;3;3;0;0
India;120246379238820106;1641083631350576;"🇮🇳 IN_98 [FortuneGems]";0;1;1;0;0
India;120246379238830106;1641083631350576;"🇮🇳 IN_97 [FortuneGems]";0;6;6;0;0
India;120246379238940106;1641083631350576;"🇮🇳 IN_96 [FortuneGems]";0;5;5;0;0
India;120246379238940106;1641083631350576;"🇮🇳 IN_98 [FortuneGems]";0;2;2;0;0
India;120246407207210106;1641083631350576;"🇮🇳 IN_97 [FortuneGems]";0;3;3;0;0
India;120246407207210106;1641083631350576;"🇮🇳 IN_99 [FortuneGems]";0;2;2;0;0
India;120246408069820106;1641083631350576;"🇮🇳 IN_98 [FortuneGems]";0;5;3;0;0
India;120246408069830106;1641083631350576;"🇮🇳 IN_96 [FortuneGems]";0;4;3;0;0
India;120246408070340106;1641083631350576;"🇮🇳 IN_96 [FortuneGems]";0;1;1;0;0
India;120246408070340106;1641083631350576;"🇮🇳 IN_97 [FortuneGems]";0;1;1;0;0
India;120246408070340106;1641083631350576;"🇮🇳 IN_99 [FortuneGems]";0;1;1;0;0
India;120246408070360106;1641083631350576;"🇮🇳 IN_98 [FortuneGems]";0;6;5;0;0
India;120246408070370106;1641083631350576;"🇮🇳 IN_97 [FortuneGems]";0;2;2;0;0
India;120246408070370106;1641083631350576;"🇮🇳 IN_99 [FortuneGems]";0;1;1;0;0
India;120246408070380106;1641083631350576;"🇮🇳 IN_98 [FortuneGems]";0;5;4;0;0
India;120246408070390106;1641083631350576;"🇮🇳 IN_96 [FortuneGems]";0;1;1;0;0
India;120246408070390106;1641083631350576;"🇮🇳 IN_98 [FortuneGems]";0;3;3;0;0
India;120246408070400106;1641083631350576;"🇮🇳 IN_96 [FortuneGems]";0;2;2;0;0
India;120246408070400106;1641083631350576;"🇮🇳 IN_99 [FortuneGems]";0;1;1;0;0
India;120246408070410106;1641083631350576;"🇮🇳 IN_98 [FortuneGems]";0;7;7;0;0
India;120246408070420106;1641083631350576;"🇮🇳 IN_96 [FortuneGems]";0;1;1;0;0
India;120246408070420106;1641083631350576;"🇮🇳 IN_98 [FortuneGems]";0;6;6;0;0
India;120246408070430106;1641083631350576;"🇮🇳 IN_98 [FortuneGems]";0;2;2;0;0
India;120246408070440106;1641083631350576;"🇮🇳 IN_97 [FortuneGems]";0;5;3;0;0
India;120246408070440106;1641083631350576;"🇮🇳 IN_99 [FortuneGems]";0;6;6;0;0
India;120246408070450106;1641083631350576;"🇮🇳 IN_97 [FortuneGems]";0;1;0;0;0
India;120246408070460106;1641083631350576;"🇮🇳 IN_96 [FortuneGems]";0;1;1;0;0
India;120246408070460106;1641083631350576;"🇮🇳 IN_98 [FortuneGems]";0;1;1;0;0
India;120246408070480106;1641083631350576;"🇮🇳 IN_98 [FortuneGems]";0;7;6;0;0
India;120246408070490106;1641083631350576;"🇮🇳 IN_96 [FortuneGems]";0;1;1;0;0
India;120246408070490106;1641083631350576;"🇮🇳 IN_97 [FortuneGems]";0;3;3;0;0
India;120246408070490106;1641083631350576;"🇮🇳 IN_99 [FortuneGems]";0;1;1;0;0
India;120246408070500106;1641083631350576;"🇮🇳 IN_98 [FortuneGems]";0;4;4;0;0
India;120246408070510106;1641083631350576;"🇮🇳 IN_98 [FortuneGems]";0;3;3;0;0
India;120246408070520106;1641083631350576;"🇮🇳 IN_96 [FortuneGems]";0;3;3;0;0
India;120246408070530106;1641083631350576;"🇮🇳 IN_98 [FortuneGems]";0;2;2;0;0
India;120246408070540106;1641083631350576;"🇮🇳 IN_98 [FortuneGems]";0;9;9;0;0
India;120246408070550106;1641083631350576;"🇮🇳 IN_96 [FortuneGems]";0;1;1;0;0
India;120246408070550106;1641083631350576;"🇮🇳 IN_98 [FortuneGems]";0;2;2;0;0
India;120246408070560106;1641083631350576;"🇮🇳 IN_96 [FortuneGems]";0;3;3;0;0
India;120246408070560106;1641083631350576;"🇮🇳 IN_97 [FortuneGems]";0;1;1;0;0
India;120246408070570106;1641083631350576;"🇮🇳 IN_98 [FortuneGems]";0;2;2;0;0
India;120246408070570106;1641083631350576;"🇮🇳 IN_99 [FortuneGems]";0;1;1;0;0
India;120246408070580106;1641083631350576;"🇮🇳 IN_96 [FortuneGems]";0;3;3;0;0
India;120246408070580106;1641083631350576;"🇮🇳 IN_97 [FortuneGems]";0;2;2;0;0
India;120246408070670106;1641083631350576;"🇮🇳 IN_96 [FortuneGems]";0;1;1;0;0
India;120246408070670106;1641083631350576;"🇮🇳 IN_98 [FortuneGems]";0;8;8;0;0
India;120246408070720106;1641083631350576;"🇮🇳 IN_96 [FortuneGems]";0;1;0;0;0
India;120246408070720106;1641083631350576;"🇮🇳 IN_97 [FortuneGems]";0;2;1;0;0
India;120246408070740106;1641083631350576;"🇮🇳 IN_96 [FortuneGems]";0;4;3;0;0
India;120246408070740106;1641083631350576;"🇮🇳 IN_97 [FortuneGems]";0;1;1;0;0
India;120246408070750106;1641083631350576;"🇮🇳 IN_96 [FortuneGems]";0;1;1;0;0
India;120246408070750106;1641083631350576;"🇮🇳 IN_98 [FortuneGems]";0;14;13;0;0
India;120248265746940122;1085410707243238;"🇸🇬 SG_50 [WealthEastMoney]";0;1;1;0;0
India;120248337600480122;1085410707243238;"🇮🇳 IN_92 [FortuneGems]";0;2;2;0;0
India;120248337620640122;1085410707243238;"🇮🇳 IN_92 [FortuneGems]";0;1;1;0;0
India;120248337620650122;1085410707243238;"🇮🇳 IN_93 [FortuneGems]";0;3;2;0;0
India;120248337620670122;1085410707243238;"🇮🇳 IN_93 [FortuneGems]";0;1;1;0;0
India;120248337621020122;1085410707243238;"🇮🇳 IN_92 [FortuneGems]";0;1;1;0;0
India;120248337621050122;1085410707243238;"🇮🇳 IN_92 [FortuneGems]";0;1;1;0;0
India;120248337621070122;1085410707243238;"🇮🇳 IN_92 [FortuneGems]";0;4;3;0;0
India;120248337621110122;1085410707243238;"🇮🇳 IN_92 [FortuneGems]";0;1;1;0;0
India;120253944856420670;2030701011138690;"🇸🇬 SG_51 [WealthEastMoney]";0;1;1;0;0
India;120253948276100670;2030701011138690;"🇮🇳 IN_93 [FortuneGems]";0;1;1;0;0
India;120253948276370670;2030701011138690;"🇮🇳 IN_92 [FortuneGems]";0;1;1;0;0
India;120253948276390670;2030701011138690;"🇮🇳 IN_93 [FortuneGems]";0;2;2;0;0
India;52514020122626;3105195716346838;"🇮🇳 IN_92 [FortuneGems]";0;1;1;0;0
India;52521771671462;967965326099992;"🇸🇬 SG_51 [WealthEastMoney]";0;3;1;0;0
India;6995848436400;4540294639535106;"🇮🇳 IN_93 [FortuneGems]";0;1;1;0;0
India;6995848440400;4540294639535106;"🇮🇳 IN_92 [FortuneGems]";0;1;1;0;0
India;6995848442400;4540294639535106;"🇮🇳 IN_92 [FortuneGems]";0;1;1;0;0
India;6995848442800;4540294639535106;"🇮🇳 IN_92 [FortuneGems]";0;2;2;0;0
India;6995848443000;4540294639535106;"🇮🇳 IN_92 [FortuneGems]";0;3;3;0;0
India;6995848443200;4540294639535106;"🇮🇳 IN_92 [FortuneGems]";0;2;1;0;0
India;{{campaign.id}};1085410707243238;"🇮🇳 IN_93 [FortuneGems]";0;2;0;0;0
India;{{campaign.id}};1641083631350576;"🇮🇳 IN_92 [FortuneGems]";0;3;3;0;0
India;{{campaign.id}};1641083631350576;"🇮🇳 IN_93 [FortuneGems]";0;3;3;0;0
"South Korea";120246168189450106;1641083631350576;"🇸🇬 SG_51 [WealthEastMoney]";0;1;1;0;0
"South Korea";120246544326070106;1641083631350576;🇰🇷_KR_54_[Olympus];0;1;1;0;0
"South Korea";120246544397330106;1641083631350576;🇰🇷_KR_54_[Olympus];0;2;2;0;0
"South Korea";120246544397340106;1641083631350576;🇰🇷_KR_54_[Olympus];0;2;2;0;0
"South Korea";120246544397550106;1641083631350576;🇰🇷_KR_54_[Olympus];0;1;1;0;0
"South Korea";120246544397580106;1641083631350576;🇰🇷_KR_54_[Olympus];0;3;2;0;0
"South Korea";120246544397590106;1641083631350576;🇰🇷_KR_54_[Olympus];0;1;1;0;0
"South Korea";120246544397610106;1641083631350576;🇰🇷_KR_54_[Olympus];0;2;2;0;0
"South Korea";120246544397620106;1641083631350576;🇰🇷_KR_54_[Olympus];0;4;4;0;0
"South Korea";120246544397630106;1641083631350576;🇰🇷_KR_54_[Olympus];0;1;1;0;0
"South Korea";120246559809040106;1641083631350576;🇰🇷_KR_54_[Olympus];0;2;2;0;0
"South Korea";120246559809090106;1641083631350576;🇰🇷_KR_54_[Olympus];0;6;6;0;0
"South Korea";120246559809110106;1641083631350576;🇰🇷_KR_54_[Olympus];0;1;1;0;0
"South Korea";120246559809150106;1641083631350576;🇰🇷_KR_54_[Olympus];0;3;2;0;0
"South Korea";120246559809160106;1641083631350576;🇰🇷_KR_54_[Olympus];0;2;2;0;0
"South Korea";120246559809180106;1641083631350576;🇰🇷_KR_54_[Olympus];0;2;2;0;0
"South Korea";120246559809190106;1641083631350576;🇰🇷_KR_54_[Olympus];0;4;4;0;0
"South Korea";120246559809200106;1641083631350576;🇰🇷_KR_54_[Olympus];0;1;1;0;0
"South Korea";120246559809210106;1641083631350576;🇰🇷_KR_54_[Olympus];0;2;2;0;0
"South Korea";120246559809220106;1641083631350576;🇰🇷_KR_54_[Olympus];0;1;1;0;0
"South Korea";120246559809230106;1641083631350576;🇰🇷_KR_54_[Olympus];0;1;1;0;0
"South Korea";120246559809240106;1641083631350576;🇰🇷_KR_54_[Olympus];0;1;1;0;0
"South Korea";120246559809260106;1641083631350576;🇰🇷_KR_54_[Olympus];0;5;5;0;0
"South Korea";120246559809300106;1641083631350576;🇰🇷_KR_54_[Olympus];0;6;5;0;0
"South Korea";120246559809370106;1641083631350576;🇰🇷_KR_54_[Olympus];0;5;5;0;0
"South Korea";120246559809430106;1641083631350576;🇰🇷_KR_54_[Olympus];0;3;3;0;0
"South Korea";120246559809460106;1641083631350576;🇰🇷_KR_54_[Olympus];0;33;30;0;0
"South Korea";120246572845000106;1641083631350576;🇰🇷_KR_54_[Olympus];0;1;1;0;0
"South Korea";120246572933090106;1641083631350576;🇰🇷_KR_54_[Olympus];0;1;1;0;0
"South Korea";120246572933100106;1641083631350576;🇰🇷_KR_54_[Olympus];0;1;1;0;0
"South Korea";120246572933110106;1641083631350576;🇰🇷_KR_54_[Olympus];0;1;1;0;0
"South Korea";120246572933130106;1641083631350576;🇰🇷_KR_54_[Olympus];0;1;0;0;0
"South Korea";120246572933140106;1641083631350576;🇰🇷_KR_54_[Olympus];0;1;1;0;0
"South Korea";120246572933170106;1641083631350576;🇰🇷_KR_54_[Olympus];0;1;0;0;0
"South Korea";120246572933180106;1641083631350576;🇰🇷_KR_54_[Olympus];0;2;0;0;0
"South Korea";120246572933190106;1641083631350576;🇰🇷_KR_54_[Olympus];0;2;2;0;0
"South Korea";120246572933230106;1641083631350576;🇰🇷_KR_54_[Olympus];0;1;1;0;0
"South Korea";120246572933240106;1641083631350576;🇰🇷_KR_54_[Olympus];0;1;1;0;0
"South Korea";120246572933270106;1641083631350576;🇰🇷_KR_54_[Olympus];0;1;1;0;0
"South Korea";120246572933280106;1641083631350576;🇰🇷_KR_54_[Olympus];0;1;0;0;0
"South Korea";120246572933390106;1641083631350576;🇰🇷_KR_54_[Olympus];0;4;4;0;0
"South Korea";120246572933410106;1641083631350576;🇰🇷_KR_54_[Olympus];0;2;2;0;0
"South Korea";120246572933440106;1641083631350576;🇰🇷_KR_54_[Olympus];0;1;1;0;0
"South Korea";120246572933460106;1641083631350576;🇰🇷_KR_54_[Olympus];0;2;2;0;0
"South Korea";120246572933470106;1641083631350576;🇰🇷_KR_54_[Olympus];0;5;5;0;0
"South Korea";120246586199600106;1641083631350576;🇰🇷_KR_54_[Olympus];0;1;1;0;0
"South Korea";120246588486040106;1641083631350576;🇰🇷_KR_54_[Olympus];0;2;2;0;0
"South Korea";120246588486080106;1641083631350576;🇰🇷_KR_54_[Olympus];0;1;1;0;0
"South Korea";120246588486110106;1641083631350576;🇰🇷_KR_54_[Olympus];0;1;1;0;0
"South Korea";120246588486120106;1641083631350576;🇰🇷_KR_54_[Olympus];0;1;1;0;0
"South Korea";120246588486130106;1641083631350576;🇰🇷_KR_54_[Olympus];0;1;1;0;0
"South Korea";120246588486140106;1641083631350576;🇰🇷_KR_54_[Olympus];0;2;2;0;0
"South Korea";120248627969470786;1548268670068192;🇰🇷_KR_54_[Olympus];0;2;2;0;0
"South Korea";120248628208570786;1548268670068192;🇰🇷_KR_54_[Olympus];0;6;4;0;0
"South Korea";120248628208620786;1548268670068192;🇰🇷_KR_54_[Olympus];0;2;2;0;0
"South Korea";120248628208630786;1548268670068192;🇰🇷_KR_54_[Olympus];0;2;2;0;0
"South Korea";120248628208640786;1548268670068192;🇰🇷_KR_54_[Olympus];0;1;1;0;0
"South Korea";120248628208650786;1548268670068192;🇰🇷_KR_54_[Olympus];0;3;3;0;0
"South Korea";120248654847800786;1548268670068192;🇰🇷_KR_54_[Olympus];0;1;1;0;0
"South Korea";120248839736320122;1085410707243238;🇰🇷_KR_54_[Olympus];0;1;1;0;0
"South Korea";120248839745700122;1085410707243238;🇰🇷_KR_54_[Olympus];0;2;2;0;0
"South Korea";120248839745770122;1085410707243238;🇰🇷_KR_54_[Olympus];0;3;3;0;0
"South Korea";120248862153320122;1085410707243238;🇰🇷_KR_54_[Olympus];0;1;1;0;0
"South Korea";120248862153320122;1085410707243238;🇰🇷_KR_55_[Olympus];0;1;1;0;0
"South Korea";120249290724210783;1002716982684382;🇰🇷_KR_54_[Olympus];0;1;1;0;0
"South Korea";120249290724220783;1002716982684382;🇰🇷_KR_54_[Olympus];0;1;1;0;0
"South Korea";120249290724240783;1002716982684382;🇰🇷_KR_54_[Olympus];0;2;2;0;0
"South Korea";120249290724260783;1002716982684382;🇰🇷_KR_54_[Olympus];0;3;1;0;0
"South Korea";120249290724300783;1002716982684382;🇰🇷_KR_54_[Olympus];0;2;2;0;0
"South Korea";120250188946230551;2482129615638921;🇰🇷_KR_54_[Olympus];0;6;6;0;0
"South Korea";120250188948540551;2482129615638921;🇰🇷_KR_54_[Olympus];0;3;3;0;0
"South Korea";120250188948550551;2482129615638921;🇰🇷_KR_54_[Olympus];0;1;1;0;0
"South Korea";120254406021740670;2030701011138690;🇰🇷_KR_54_[Olympus];0;1;1;0;0
"South Korea";120254406032530670;2030701011138690;🇰🇷_KR_54_[Olympus];0;3;3;0;0
"South Korea";120254406032580670;2030701011138690;🇰🇷_KR_54_[Olympus];0;14;13;0;0
"South Korea";120254406032600670;2030701011138690;🇰🇷_KR_54_[Olympus];0;13;10;0;0
"South Korea";120254426441780670;2030701011138690;🇰🇷_KR_54_[Olympus];0;1;1;0;0
"South Korea";120254426447950670;2030701011138690;🇰🇷_KR_54_[Olympus];0;2;2;0;0
"South Korea";120254426447960670;2030701011138690;🇰🇷_KR_54_[Olympus];0;1;1;0;0
"South Korea";120254426447970670;2030701011138690;🇰🇷_KR_54_[Olympus];0;1;1;0;0
"South Korea";120254426448070670;2030701011138690;🇰🇷_KR_54_[Olympus];0;4;4;0;0
"South Korea";120254426448180670;2030701011138690;🇰🇷_KR_54_[Olympus];0;3;2;0;0
"South Korea";120254426448190670;2030701011138690;🇰🇷_KR_54_[Olympus];0;4;4;0;0
"South Korea";52528785482262;967965326099992;🇰🇷_KR_54_[Olympus];0;1;1;0;0
"South Korea";52528785528462;967965326099992;🇰🇷_KR_54_[Olympus];0;2;1;0;0
"South Korea";52572504308393;2158879451635825;🇰🇷_KR_54_[Olympus];0;2;1;0;0
"South Korea";52572505006793;2158879451635825;🇰🇷_KR_54_[Olympus];0;1;1;0;0
"South Korea";{{campaign.id}};1085410707243238;🇰🇷_KR_54_[Olympus];0;1;1;0;0
"South Korea";{{campaign.id}};2030701011138690;🇰🇷_KR_54_[Olympus];0;1;1;0;0
;;;;0;2090;1973;0;0
