Country;"Sub ID 2";"Sub ID 4";"Sub ID 5";"Offer ID";Offer;OS;Clicks;"UC (campaign)";Conv.;Sales;Revenue
Singapore;120246681556160106;1641083631350576;🇸🇬_SG_50_[WealthEastMoney];12240;"SG | Longfu88 | RegForm  (Slot) | CPA | 200 EUR | 10 EUR | daily | 50 | Android | ALL |  |  | KPI Yes | MbManada | Falcons";Android;17;5;2;2;457.5
Singapore;120246681556750106;1641083631350576;🇸🇬_SG_50_[WealthEastMoney];12240;"SG | Longfu88 | RegForm  (Slot) | CPA | 200 EUR | 10 EUR | daily | 50 | Android | ALL |  |  | KPI Yes | MbManada | Falcons";iOS;4;2;1;1;228.89
Singapore;120246681556750106;1641083631350576;🇸🇬_SG_50_[WealthEastMoney];12240;"SG | Longfu88 | RegForm  (Slot) | CPA | 200 EUR | 10 EUR | daily | 50 | Android | ALL |  |  | KPI Yes | MbManada | Falcons";Android;27;4;2;1;228.81
Singapore;120246681556650106;1641083631350576;🇸🇬_SG_50_[WealthEastMoney];12240;"SG | Longfu88 | RegForm  (Slot) | CPA | 200 EUR | 10 EUR | daily | 50 | Android | ALL |  |  | KPI Yes | MbManada | Falcons";iOS;5;2;1;1;228.81
Singapore;120246681556590106;1641083631350576;🇸🇬_SG_50_[WealthEastMoney];12240;"SG | Longfu88 | RegForm  (Slot) | CPA | 200 EUR | 10 EUR | daily | 50 | Android | ALL |  |  | KPI Yes | MbManada | Falcons";Android;7;2;1;1;228.81
Singapore;{sub_id_2};{sub_id_4};{sub_id_5};10800;"SG | Longfu88 | Reg Form (slot) | CPA | 195 EUR | 15 SGD | total | 170 | Android | ALL | | | KPI Yes | MbManada | Falcons";Android;2;1;0;0;0
Singapore;{sub_id_2};FP;{sub_id_5};12240;"SG | Longfu88 | RegForm  (Slot) | CPA | 200 EUR | 10 EUR | daily | 50 | Android | ALL |  |  | KPI Yes | MbManada | Falcons";iOS;2;1;0;0;0
Singapore;{sub_id_2};FP;{sub_id_5};12240;"SG | Longfu88 | RegForm  (Slot) | CPA | 200 EUR | 10 EUR | daily | 50 | Android | ALL |  |  | KPI Yes | MbManada | Falcons";Android;1;1;0;0;0
Singapore;6995785920800;4540294639535106;🇸🇬_SG_51_[WealthEastMoney];12240;"SG | Longfu88 | RegForm  (Slot) | CPA | 200 EUR | 10 EUR | daily | 50 | Android | ALL |  |  | KPI Yes | MbManada | Falcons";Android;1;0;0;0;0
Singapore;52545686636219;1322431836444779;🇸🇬_SG_50_[WealthEastMoney];12240;"SG | Longfu88 | RegForm  (Slot) | CPA | 200 EUR | 10 EUR | daily | 50 | Android | ALL |  |  | KPI Yes | MbManada | Falcons";Android;1;0;0;0;0
Singapore;52513229370426;3105195716346838;🇸🇬_SG_50_[WealthEastMoney];12240;"SG | Longfu88 | RegForm  (Slot) | CPA | 200 EUR | 10 EUR | daily | 50 | Android | ALL |  |  | KPI Yes | MbManada | Falcons";Android;3;0;0;0;0
Singapore;23856723571820795;26945975368347600;🇸🇬_SG_51_[WealthEastMoney];12240;"SG | Longfu88 | RegForm  (Slot) | CPA | 200 EUR | 10 EUR | daily | 50 | Android | ALL |  |  | KPI Yes | MbManada | Falcons";Android;5;0;0;0;0
Singapore;23856664599360795;26945975368347600;🇸🇬_SG_50_[WealthEastMoney];12240;"SG | Longfu88 | RegForm  (Slot) | CPA | 200 EUR | 10 EUR | daily | 50 | Android | ALL |  |  | KPI Yes | MbManada | Falcons";Android;3;1;0;0;0
Singapore;23856664599290795;26945975368347600;🇸🇬_SG_51_[WealthEastMoney];12240;"SG | Longfu88 | RegForm  (Slot) | CPA | 200 EUR | 10 EUR | daily | 50 | Android | ALL |  |  | KPI Yes | MbManada | Falcons";Android;5;0;0;0;0
Singapore;120250280210750242;989238263621220;🇸🇬_SG_51_[WealthEastMoney];12240;"SG | Longfu88 | RegForm  (Slot) | CPA | 200 EUR | 10 EUR | daily | 50 | Android | ALL |  |  | KPI Yes | MbManada | Falcons";Android;2;1;0;0;0
Singapore;120250122595900242;989238263621220;🇸🇬_SG_50_[WealthEast];12240;"SG | Longfu88 | RegForm  (Slot) | CPA | 200 EUR | 10 EUR | daily | 50 | Android | ALL |  |  | KPI Yes | MbManada | Falcons";Android;1;0;0;0;0
Singapore;120249364387460428;3056855951169909;🇸🇬_SG_38_[WealthEast];12240;"SG | Longfu88 | RegForm  (Slot) | CPA | 200 EUR | 10 EUR | daily | 50 | Android | ALL |  |  | KPI Yes | MbManada | Falcons";Android;3;0;0;0;0
Singapore;120249100392920783;1002716982684382;🇸🇬_SG_63_[WealthEastMoney];12240;"SG | Longfu88 | RegForm  (Slot) | CPA | 200 EUR | 10 EUR | daily | 50 | Android | ALL |  |  | KPI Yes | MbManada | Falcons";Android;1;0;0;0;0
Singapore;120249062562680783;1002716982684382;🇸🇬_SG_63_[WealthEastMoney];12240;"SG | Longfu88 | RegForm  (Slot) | CPA | 200 EUR | 10 EUR | daily | 50 | Android | ALL |  |  | KPI Yes | MbManada | Falcons";Android;11;0;0;0;0
Singapore;120248941211050017;2153552362162672;🇸🇬_SG_50_[WealthEastMoney];12240;"SG | Longfu88 | RegForm  (Slot) | CPA | 200 EUR | 10 EUR | daily | 50 | Android | ALL |  |  | KPI Yes | MbManada | Falcons";Android;2;1;0;0;0
Singapore;120248544505310122;1085410707243238;🇸🇬_SG_64_[WealthEastMoney];12240;"SG | Longfu88 | RegForm  (Slot) | CPA | 200 EUR | 10 EUR | daily | 50 | Android | ALL |  |  | KPI Yes | MbManada | Falcons";Android;2;0;0;0;0
Singapore;120248544505310122;1085410707243238;🇸🇬_SG_62_[WealthEastMoney];12240;"SG | Longfu88 | RegForm  (Slot) | CPA | 200 EUR | 10 EUR | daily | 50 | Android | ALL |  |  | KPI Yes | MbManada | Falcons";Android;1;0;0;0;0
Singapore;120247941893350315;1350203853835452;🇸🇬_SG_51_[WealthEastMoney];12240;"SG | Longfu88 | RegForm  (Slot) | CPA | 200 EUR | 10 EUR | daily | 50 | Android | ALL |  |  | KPI Yes | MbManada | Falcons";Android;1;0;0;0;0
Singapore;120247087732130276;2260681388071908;🇸🇬_SG_50_[WealthEastMoney];12240;"SG | Longfu88 | RegForm  (Slot) | CPA | 200 EUR | 10 EUR | daily | 50 | Android | ALL |  |  | KPI Yes | MbManada | Falcons";Android;1;1;0;0;0
Singapore;120246686815890106;1641083631350576;🇸🇬_SG_50_[WealthEastMoney];12240;"SG | Longfu88 | RegForm  (Slot) | CPA | 200 EUR | 10 EUR | daily | 50 | Android | ALL |  |  | KPI Yes | MbManada | Falcons";iOS;1;0;0;0;0
Singapore;120246686815870106;1641083631350576;🇸🇬_SG_50_[WealthEastMoney];12240;"SG | Longfu88 | RegForm  (Slot) | CPA | 200 EUR | 10 EUR | daily | 50 | Android | ALL |  |  | KPI Yes | MbManada | Falcons";Android;1;1;0;0;0
Singapore;120246686815710106;1641083631350576;🇸🇬_SG_50_[WealthEastMoney];12240;"SG | Longfu88 | RegForm  (Slot) | CPA | 200 EUR | 10 EUR | daily | 50 | Android | ALL |  |  | KPI Yes | MbManada | Falcons";Android;1;0;0;0;0
Singapore;120246686815700106;1641083631350576;🇸🇬_SG_50_[WealthEastMoney];12240;"SG | Longfu88 | RegForm  (Slot) | CPA | 200 EUR | 10 EUR | daily | 50 | Android | ALL |  |  | KPI Yes | MbManada | Falcons";iOS;1;1;0;0;0
Singapore;120246686815580106;1641083631350576;🇸🇬_SG_50_[WealthEastMoney];12240;"SG | Longfu88 | RegForm  (Slot) | CPA | 200 EUR | 10 EUR | daily | 50 | Android | ALL |  |  | KPI Yes | MbManada | Falcons";iOS;1;1;0;0;0
Singapore;120246686815530106;1641083631350576;🇸🇬_SG_50_[WealthEastMoney];12240;"SG | Longfu88 | RegForm  (Slot) | CPA | 200 EUR | 10 EUR | daily | 50 | Android | ALL |  |  | KPI Yes | MbManada | Falcons";Android;2;1;1;0;0
Singapore;120246686815060106;1641083631350576;🇸🇬_SG_50_[WealthEastMoney];12240;"SG | Longfu88 | RegForm  (Slot) | CPA | 200 EUR | 10 EUR | daily | 50 | Android | ALL |  |  | KPI Yes | MbManada | Falcons";iOS;2;1;0;0;0
Singapore;120246681556860106;1641083631350576;🇸🇬_SG_50_[WealthEastMoney];12240;"SG | Longfu88 | RegForm  (Slot) | CPA | 200 EUR | 10 EUR | daily | 50 | Android | ALL |  |  | KPI Yes | MbManada | Falcons";iOS;1;1;0;0;0
Singapore;120246681556790106;1641083631350576;🇸🇬_SG_50_[WealthEastMoney];12240;"SG | Longfu88 | RegForm  (Slot) | CPA | 200 EUR | 10 EUR | daily | 50 | Android | ALL |  |  | KPI Yes | MbManada | Falcons";iOS;4;2;0;0;0
Singapore;120246681556790106;1641083631350576;🇸🇬_SG_50_[WealthEastMoney];12240;"SG | Longfu88 | RegForm  (Slot) | CPA | 200 EUR | 10 EUR | daily | 50 | Android | ALL |  |  | KPI Yes | MbManada | Falcons";Android;1;1;0;0;0
Singapore;120246681556740106;1641083631350576;🇸🇬_SG_50_[WealthEastMoney];12240;"SG | Longfu88 | RegForm  (Slot) | CPA | 200 EUR | 10 EUR | daily | 50 | Android | ALL |  |  | KPI Yes | MbManada | Falcons";iOS;1;1;0;0;0
Singapore;120246681556710106;1641083631350576;🇸🇬_SG_50_[WealthEastMoney];12240;"SG | Longfu88 | RegForm  (Slot) | CPA | 200 EUR | 10 EUR | daily | 50 | Android | ALL |  |  | KPI Yes | MbManada | Falcons";Android;4;3;1;0;0
Singapore;120246681556690106;1641083631350576;🇸🇬_SG_50_[WealthEastMoney];12240;"SG | Longfu88 | RegForm  (Slot) | CPA | 200 EUR | 10 EUR | daily | 50 | Android | ALL |  |  | KPI Yes | MbManada | Falcons";iOS;3;2;0;0;0
Singapore;120246681556690106;1641083631350576;🇸🇬_SG_50_[WealthEastMoney];12240;"SG | Longfu88 | RegForm  (Slot) | CPA | 200 EUR | 10 EUR | daily | 50 | Android | ALL |  |  | KPI Yes | MbManada | Falcons";Android;11;0;0;0;0
Singapore;120246681556680106;1641083631350576;🇸🇬_SG_50_[WealthEastMoney];12240;"SG | Longfu88 | RegForm  (Slot) | CPA | 200 EUR | 10 EUR | daily | 50 | Android | ALL |  |  | KPI Yes | MbManada | Falcons";iOS;2;0;0;0;0
Singapore;120246681556680106;1641083631350576;🇸🇬_SG_50_[WealthEastMoney];12238;"SG | Longfu88 | RegForm  (Slot) | CPA | 170 EUR | 10 EUR | total | 80 | Android | ALL |  |  | KPI Yes | MbManada | Falcons | MbFlex";Android;3;1;0;0;0
Singapore;120246681556670106;1641083631350576;🇸🇬_SG_50_[WealthEastMoney];12240;"SG | Longfu88 | RegForm  (Slot) | CPA | 200 EUR | 10 EUR | daily | 50 | Android | ALL |  |  | KPI Yes | MbManada | Falcons";Android;10;2;1;0;0
Singapore;120246681556650106;1641083631350576;🇸🇬_SG_50_[WealthEastMoney];12240;"SG | Longfu88 | RegForm  (Slot) | CPA | 200 EUR | 10 EUR | daily | 50 | Android | ALL |  |  | KPI Yes | MbManada | Falcons";Android;18;2;1;0;0
Singapore;120246681556620106;1641083631350576;🇸🇬_SG_50_[WealthEastMoney];12240;"SG | Longfu88 | RegForm  (Slot) | CPA | 200 EUR | 10 EUR | daily | 50 | Android | ALL |  |  | KPI Yes | MbManada | Falcons";iOS;1;1;1;0;0
Singapore;120246681556620106;1641083631350576;🇸🇬_SG_50_[WealthEastMoney];12240;"SG | Longfu88 | RegForm  (Slot) | CPA | 200 EUR | 10 EUR | daily | 50 | Android | ALL |  |  | KPI Yes | MbManada | Falcons";Android;5;2;0;0;0
Singapore;120246681556550106;1641083631350576;🇸🇬_SG_50_[WealthEastMoney];12240;"SG | Longfu88 | RegForm  (Slot) | CPA | 200 EUR | 10 EUR | daily | 50 | Android | ALL |  |  | KPI Yes | MbManada | Falcons";iOS;1;1;0;0;0
Singapore;120246681556530106;1641083631350576;🇸🇬_SG_50_[WealthEastMoney];12240;"SG | Longfu88 | RegForm  (Slot) | CPA | 200 EUR | 10 EUR | daily | 50 | Android | ALL |  |  | KPI Yes | MbManada | Falcons";iOS;1;1;1;0;0
Singapore;120246681556160106;1641083631350576;🇸🇬_SG_50_[WealthEastMoney];12240;"SG | Longfu88 | RegForm  (Slot) | CPA | 200 EUR | 10 EUR | daily | 50 | Android | ALL |  |  | KPI Yes | MbManada | Falcons";iOS;3;3;2;0;0
Singapore;120246681543880106;1641083631350576;🇸🇬_SG_50_[WealthEastMoney];12240;"SG | Longfu88 | RegForm  (Slot) | CPA | 200 EUR | 10 EUR | daily | 50 | Android | ALL |  |  | KPI Yes | MbManada | Falcons";Android;2;0;0;0;0
Singapore;120246672489210106;1641083631350576;🇸🇬_SG_50_[WealthEastMoney];12240;"SG | Longfu88 | RegForm  (Slot) | CPA | 200 EUR | 10 EUR | daily | 50 | Android | ALL |  |  | KPI Yes | MbManada | Falcons";Android;9;0;0;0;0
Singapore;120245157779310753;2315763045582193;🇸🇬_SG_50_[WealthEastMoney];12240;"SG | Longfu88 | RegForm  (Slot) | CPA | 200 EUR | 10 EUR | daily | 50 | Android | ALL |  |  | KPI Yes | MbManada | Falcons";Android;1;0;0;0;0
Singapore;120244875159890694;1328022375863187;🇸🇬_SG_50_[WealthEastMoney];12238;"SG | Longfu88 | RegForm  (Slot) | CPA | 170 EUR | 10 EUR | total | 80 | Android | ALL |  |  | KPI Yes | MbManada | Falcons | MbFlex";Android;2;0;0;0;0
Singapore;120244787309560753;2315763045582193;"🇸🇬 SG_38 [WealthEast]";12240;"SG | Longfu88 | RegForm  (Slot) | CPA | 200 EUR | 10 EUR | daily | 50 | Android | ALL |  |  | KPI Yes | MbManada | Falcons";Android;1;1;0;0;0
Singapore;120242913589790485;1545494207005501;🇸🇬_SG_51_[WealthEastMoney];12240;"SG | Longfu88 | RegForm  (Slot) | CPA | 200 EUR | 10 EUR | daily | 50 | Android | ALL |  |  | KPI Yes | MbManada | Falcons";Android;1;0;0;0;0
Singapore;120240409719730359;1271689361274945;"SG_1 [Olympus]";12240;"SG | Longfu88 | RegForm  (Slot) | CPA | 200 EUR | 10 EUR | daily | 50 | Android | ALL |  |  | KPI Yes | MbManada | Falcons";Android;1;0;0;0;0
Singapore;120238161256350687;4118817255055494;"🇸🇬 SG_1 [Olympus] [https://singa-app-olymp.website]";12240;"SG | Longfu88 | RegForm  (Slot) | CPA | 200 EUR | 10 EUR | daily | 50 | Android | ALL |  |  | KPI Yes | MbManada | Falcons";Android;13;0;0;0;0
;;;;;;;216;51;15;6;1372.8
